max_hold_days,profit_target,stop_loss,total_return,final_value,win_rate,total_trades,prediction_accuracy,avg_profit,max_drawdown,avg_days_held
1,0.03,0.02,0.040458831000001166,1040458.8310000012,0.5025454545454545,2755,0.5195652173913043,216.9118313454549,-0.41933785977973465,1.512
1,0.04,0.02,0.040458831000001166,1040458.8310000012,0.5025454545454545,2755,0.5195652173913043,216.9118313454549,-0.41933785977973465,1.512
1,0.04,0.03,0.040458831000001166,1040458.8310000012,0.5025454545454545,2755,0.5195652173913043,216.9118313454549,-0.41933785977973465,1.512
1,0.05,0.02,0.040458831000001166,1040458.8310000012,0.5025454545454545,2755,0.5195652173913043,216.9118313454549,-0.41933785977973465,1.512
1,0.05,0.03,0.040458831000001166,1040458.8310000012,0.5025454545454545,2755,0.5195652173913043,216.9118313454549,-0.41933785977973465,1.512
1,0.05,0.04,0.040458831000001166,1040458.8310000012,0.5025454545454545,2755,0.5195652173913043,216.9118313454549,-0.41933785977973465,1.512
1,0.06,0.02,0.040458831000001166,1040458.8310000012,0.5025454545454545,2755,0.5195652173913043,216.9118313454549,-0.41933785977973465,1.512
1,0.06,0.03,0.040458831000001166,1040458.8310000012,0.5025454545454545,2755,0.5195652173913043,216.9118313454549,-0.41933785977973465,1.512
1,0.06,0.04,0.040458831000001166,1040458.8310000012,0.5025454545454545,2755,0.5195652173913043,216.9118313454549,-0.41933785977973465,1.512
1,0.06,0.05,0.040458831000001166,1040458.8310000012,0.5025454545454545,2755,0.5195652173913043,216.9118313454549,-0.41933785977973465,1.512
1,0.07,0.02,0.040458831000001166,1040458.8310000012,0.5025454545454545,2755,0.5195652173913043,216.9118313454549,-0.41933785977973465,1.512
1,0.07,0.03,0.040458831000001166,1040458.8310000012,0.5025454545454545,2755,0.5195652173913043,216.9118313454549,-0.41933785977973465,1.512
1,0.07,0.04,0.040458831000001166,1040458.8310000012,0.5025454545454545,2755,0.5195652173913043,216.9118313454549,-0.41933785977973465,1.512
1,0.07,0.05,0.040458831000001166,1040458.8310000012,0.5025454545454545,2755,0.5195652173913043,216.9118313454549,-0.41933785977973465,1.512
1,0.07,0.06,0.040458831000001166,1040458.8310000012,0.5025454545454545,2755,0.5195652173913043,216.9118313454549,-0.41933785977973465,1.512
1,0.08,0.02,0.040458831000001166,1040458.8310000012,0.5025454545454545,2755,0.5195652173913043,216.9118313454549,-0.41933785977973465,1.512
1,0.08,0.03,0.040458831000001166,1040458.8310000012,0.5025454545454545,2755,0.5195652173913043,216.9118313454549,-0.41933785977973465,1.512
1,0.08,0.04,0.040458831000001166,1040458.8310000012,0.5025454545454545,2755,0.5195652173913043,216.9118313454549,-0.41933785977973465,1.512
1,0.08,0.05,0.040458831000001166,1040458.8310000012,0.5025454545454545,2755,0.5195652173913043,216.9118313454549,-0.41933785977973465,1.512
1,0.08,0.06,0.040458831000001166,1040458.8310000012,0.5025454545454545,2755,0.5195652173913043,216.9118313454549,-0.41933785977973465,1.512
1,0.08,0.07,0.040458831000001166,1040458.8310000012,0.5025454545454545,2755,0.5195652173913043,216.9118313454549,-0.41933785977973465,1.512
1,0.09,0.02,0.040458831000001166,1040458.8310000012,0.5025454545454545,2755,0.5195652173913043,216.9118313454549,-0.41933785977973465,1.512
1,0.09,0.03,0.040458831000001166,1040458.8310000012,0.5025454545454545,2755,0.5195652173913043,216.9118313454549,-0.41933785977973465,1.512
1,0.09,0.04,0.040458831000001166,1040458.8310000012,0.5025454545454545,2755,0.5195652173913043,216.9118313454549,-0.41933785977973465,1.512
1,0.09,0.05,0.040458831000001166,1040458.8310000012,0.5025454545454545,2755,0.5195652173913043,216.9118313454549,-0.41933785977973465,1.512
1,0.09,0.06,0.040458831000001166,1040458.8310000012,0.5025454545454545,2755,0.5195652173913043,216.9118313454549,-0.41933785977973465,1.512
1,0.09,0.07,0.040458831000001166,1040458.8310000012,0.5025454545454545,2755,0.5195652173913043,216.9118313454549,-0.41933785977973465,1.512
1,0.09,0.08,0.040458831000001166,1040458.8310000012,0.5025454545454545,2755,0.5195652173913043,216.9118313454549,-0.41933785977973465,1.512
1,0.1,0.02,0.040458831000001166,1040458.8310000012,0.5025454545454545,2755,0.5195652173913043,216.9118313454549,-0.41933785977973465,1.512
1,0.1,0.03,0.040458831000001166,1040458.8310000012,0.5025454545454545,2755,0.5195652173913043,216.9118313454549,-0.41933785977973465,1.512
1,0.1,0.04,0.040458831000001166,1040458.8310000012,0.5025454545454545,2755,0.5195652173913043,216.9118313454549,-0.41933785977973465,1.512
1,0.1,0.05,0.040458831000001166,1040458.8310000012,0.5025454545454545,2755,0.5195652173913043,216.9118313454549,-0.41933785977973465,1.512
1,0.1,0.06,0.040458831000001166,1040458.8310000012,0.5025454545454545,2755,0.5195652173913043,216.9118313454549,-0.41933785977973465,1.512
1,0.1,0.07,0.040458831000001166,1040458.8310000012,0.5025454545454545,2755,0.5195652173913043,216.9118313454549,-0.41933785977973465,1.512
1,0.1,0.08,0.040458831000001166,1040458.8310000012,0.5025454545454545,2755,0.5195652173913043,216.9118313454549,-0.41933785977973465,1.512
1,0.12,0.02,0.040458831000001166,1040458.8310000012,0.5025454545454545,2755,0.5195652173913043,216.9118313454549,-0.41933785977973465,1.512
1,0.12,0.03,0.040458831000001166,1040458.8310000012,0.5025454545454545,2755,0.5195652173913043,216.9118313454549,-0.41933785977973465,1.512
1,0.12,0.04,0.040458831000001166,1040458.8310000012,0.5025454545454545,2755,0.5195652173913043,216.9118313454549,-0.41933785977973465,1.512
1,0.12,0.05,0.040458831000001166,1040458.8310000012,0.5025454545454545,2755,0.5195652173913043,216.9118313454549,-0.41933785977973465,1.512
1,0.12,0.06,0.040458831000001166,1040458.8310000012,0.5025454545454545,2755,0.5195652173913043,216.9118313454549,-0.41933785977973465,1.512
1,0.12,0.07,0.040458831000001166,1040458.8310000012,0.5025454545454545,2755,0.5195652173913043,216.9118313454549,-0.41933785977973465,1.512
1,0.12,0.08,0.040458831000001166,1040458.8310000012,0.5025454545454545,2755,0.5195652173913043,216.9118313454549,-0.41933785977973465,1.512
1,0.15,0.02,0.040458831000001166,1040458.8310000012,0.5025454545454545,2755,0.5195652173913043,216.9118313454549,-0.41933785977973465,1.512
1,0.15,0.03,0.040458831000001166,1040458.8310000012,0.5025454545454545,2755,0.5195652173913043,216.9118313454549,-0.41933785977973465,1.512
1,0.15,0.04,0.040458831000001166,1040458.8310000012,0.5025454545454545,2755,0.5195652173913043,216.9118313454549,-0.41933785977973465,1.512
1,0.15,0.05,0.040458831000001166,1040458.8310000012,0.5025454545454545,2755,0.5195652173913043,216.9118313454549,-0.41933785977973465,1.512
1,0.15,0.06,0.040458831000001166,1040458.8310000012,0.5025454545454545,2755,0.5195652173913043,216.9118313454549,-0.41933785977973465,1.512
1,0.15,0.07,0.040458831000001166,1040458.8310000012,0.5025454545454545,2755,0.5195652173913043,216.9118313454549,-0.41933785977973465,1.512
1,0.15,0.08,0.040458831000001166,1040458.8310000012,0.5025454545454545,2755,0.5195652173913043,216.9118313454549,-0.41933785977973465,1.512
2,0.03,0.02,0.33048876029999924,1330488.7602999993,0.5141187925998053,2059,0.499031007751938,541.9826713729309,-0.3214562671470301,2.36222005842259
2,0.04,0.02,0.34993812249999867,1349938.1224999987,0.5094152626362736,2023,0.4990138067061144,573.2880868186319,-0.3421861391611741,2.4053518334985133
2,0.04,0.03,0.47338683240000295,1473386.832400003,0.5151515151515151,1985,0.49547738693467336,714.4067108080819,-0.31594082496415943,2.496969696969697
2,0.05,0.02,0.3776071067999997,1377607.1067999997,0.5079840319361277,2009,0.4985104270109235,606.0236767465075,-0.3282082778512114,2.42814371257485
2,0.05,0.03,0.4725179734000021,1472517.973400002,0.5132113821138211,1973,0.4954499494438827,718.7559905487811,-0.31517837883056193,2.518292682926829
2,0.05,0.04,0.5663100577000028,1566310.0577000028,0.5168884339815762,1959,0.4959266802443992,823.4451785056299,-0.31279803500458864,2.5496417604913
2,0.06,0.02,0.3820692875000008,1382069.2875000008,0.51,2005,0.5034825870646766,613.2007096000007,-0.3229579820395014,2.438
2,0.06,0.03,0.463491529800002,1463491.529800002,0.5147507629704985,1971,0.5,711.2089967446599,-0.3150293420825131,2.525940996948118
2,0.06,0.04,0.5600239822000009,1560023.982200001,0.5184426229508197,1957,0.5005096839959225,819.0009324795084,-0.3122989994982076,2.557377049180328
2,0.06,0.05,0.5192902985999964,1519290.2985999964,0.5228690228690228,1929,0.5036194415718718,779.1752584199581,-0.32487626407491066,2.5935550935550937
2,0.07,0.02,0.4003812269999974,1400381.2269999974,0.5095285857572718,1999,0.5029940119760479,632.1436758274824,-0.32308491251860827,2.4453360080240722
2,0.07,0.03,0.4822210475000008,1482221.0475000008,0.5153061224489796,1965,0.500507614213198,731.228609795919,-0.3154113921170519,2.536734693877551
2,0.07,0.04,0.5795624718999979,1579562.471899998,0.5190133607399794,1951,0.5010224948875256,840.1585177800624,-0.3125113419336916,2.568345323741007
2,0.07,0.05,0.5231692319,1523169.2319,0.521875,1925,0.5025906735751295,783.0804652083333,-0.3244338471537774,2.6020833333333333
2,0.07,0.06,0.5655664963000011,1565566.4963000012,0.5230125523012552,1917,0.5026014568158168,833.6728257322181,-0.3225394727398459,2.6119246861924688
2,0.08,0.02,0.39346429180000003,1393464.2918,0.5090543259557344,1993,0.5025025025025025,623.8334172032199,-0.32938840804123815,2.454728370221328
2,0.08,0.03,0.4806291799999995,1480629.1799999995,0.5148413510747185,1959,0.5,728.9659922210855,-0.32274485955913784,2.5465711361310133
2,0.08,0.04,0.5763225414999984,1576322.5414999984,0.5185567010309279,1945,0.5005128205128205,836.4347493814429,-0.31981038313641263,2.5783505154639177
2,0.08,0.05,0.5291129002999994,1529112.9002999994,0.5214211076280042,1919,0.502079002079002,790.205596447231,-0.3312724242920856,2.6123301985370952
2,0.08,0.06,0.5752739186999974,1575273.9186999975,0.5225603357817419,1911,0.5020876826722338,845.1379871983208,-0.32850434156896197,2.622245540398741
2,0.08,0.07,0.6177145745000012,1617714.5745000013,0.5258711721224921,1899,0.5031512605042017,895.0435585005288,-0.3222785427150078,2.634635691657867
2,0.09,0.02,0.4400673490000004,1440067.3490000004,0.5100806451612904,1989,0.5025075225677031,671.8678337701614,-0.3292484645996257,2.461693548387097
2,0.09,0.03,0.5278933171000005,1527893.3171000006,0.5158974358974359,1955,0.5,778.6277083076922,-0.321912704979254,2.5538461538461537
2,0.09,0.04,0.5462921837999996,1546292.1837999995,0.5196280991735537,1941,0.5005138746145941,801.7555381198356,-0.3195026675096356,2.5857438016528924
2,0.09,0.05,0.4953435210999979,1495343.521099998,0.5225130890052356,1915,0.5020833333333333,750.8954767539275,-0.33154705463842005,2.619895287958115
2,0.09,0.06,0.5386997965999996,1538699.7965999995,0.5236593059936908,1907,0.502092050209205,802.6364054679281,-0.32949951790709536,2.629863301787592
2,0.09,0.07,0.5867081787999985,1586708.1787999985,0.526984126984127,1895,0.5031578947368421,858.5434286772482,-0.32170933333888685,2.6423280423280424
2,0.09,0.08,0.5810367296999984,1581036.7296999984,0.526984126984127,1895,0.5031578947368421,852.5332678306875,-0.32170933333888685,2.643386243386243
2,0.1,0.02,0.45580440100000125,1455804.4010000012,0.5100806451612904,1989,0.5035105315947843,688.5797679435489,-0.3292484645996257,2.462701612903226
2,0.1,0.03,0.5438519286000004,1543851.9286000005,0.5158974358974359,1955,0.5010204081632653,795.8385563076928,-0.321912704979254,2.554871794871795
2,0.1,0.04,0.5693166120000002,1569316.6120000002,0.5196280991735537,1941,0.5015416238437821,826.5439901859512,-0.3195026675096356,2.5867768595041323
2,0.1,0.05,0.5178968643999998,1517896.8643999998,0.5225130890052356,1915,0.503125,775.4544600000005,-0.33154705463842005,2.6209424083769632
2,0.1,0.06,0.5582807319999994,1558280.7319999994,0.5236593059936908,1907,0.5031380753138075,824.0472269190321,-0.32949951790709536,2.630914826498423
2,0.1,0.07,0.6061227719999969,1606122.7719999969,0.526984126984127,1895,0.5042105263157894,879.9251234920631,-0.32170933333888685,2.643386243386243
2,0.1,0.08,0.6003874283999973,1600387.4283999973,0.526984126984127,1895,0.5042105263157894,873.8539346031744,-0.32170933333888685,2.6444444444444444
2,0.12,0.02,0.4619365587000011,1461936.558700001,0.5095862764883956,1987,0.5030120481927711,694.7442658930377,-0.32864515059305105,2.4661957618567105
2,0.12,0.03,0.5543141754000015,1554314.1754000015,0.5154004106776181,1953,0.5005107252298263,806.7358034907602,-0.322656229510807,2.5585215605749485
2,0.12,0.04,0.5768177693000003,1576817.7693000003,0.5191313340227508,1939,0.5010288065843621,834.336301034126,-0.31918084210565506,2.590486039296794
2,0.12,0.05,0.526629234100001,1526629.234100001,0.5220125786163522,1913,0.502606882168926,785.1031800838582,-0.33105197862356844,2.6247379454926625
2,0.12,0.06,0.5705244577999988,1570524.4577999988,0.5231578947368422,1905,0.5026178010471204,837.3791434736844,-0.32886623005932847,2.634736842105263
2,0.12,0.07,0.6164137748999998,1616413.7748999998,0.5264830508474576,1893,0.5036880927291886,891.0806478813554,-0.3217903307764448,2.6472457627118646
2,0.12,0.08,0.6100708142999998,1610070.8142999997,0.5264830508474576,1893,0.5036880927291886,884.3521918432197,-0.3217903307764448,2.6483050847457625
2,0.15,0.02,0.45485338470000053,1454853.3847000005,0.5105953582240161,1987,0.5030120481927711,687.1187026236128,-0.32864515059305105,2.467204843592331
2,0.15,0.03,0.5443038642000004,1544303.8642000004,0.5164271047227926,1953,0.5005107252298263,795.7461736139634,-0.322656229510807,2.559548254620123
2,0.15,0.04,0.5707133773999994,1570713.3773999994,0.5201654601861427,1939,0.5010288065843621,827.4961296794214,-0.31918084210565506,2.591520165460186
2,0.15,0.05,0.5209927114000006,1520992.7114000006,0.5230607966457023,1913,0.502606882168926,778.5688335429779,-0.33105197862356844,2.6257861635220126
2,0.15,0.06,0.5655894078999972,1565589.4078999972,0.5242105263157895,1905,0.5026178010471204,831.6083777894731,-0.32886623005932847,2.6357894736842105
2,0.15,0.07,0.6088152280999983,1608815.2280999983,0.527542372881356,1893,0.5036880927291886,882.4525874999997,-0.3217903307764448,2.6483050847457625
2,0.15,0.08,0.6030724054999983,1603072.4054999982,0.527542372881356,1893,0.5036880927291886,876.3683602754235,-0.3217903307764448,2.649364406779661
3,0.03,0.02,0.6372950990999984,1637295.0990999984,0.5212527964205816,1793,0.5194660734149055,952.2395055928419,-0.3091313503085768,2.8568232662192394
3,0.04,0.02,0.6205258272000023,1620525.8272000023,0.511600928074246,1729,0.5213379469434832,958.6608792343399,-0.32652920687033904,2.9698375870069604
3,0.04,0.03,0.3704098576000016,1370409.8576000016,0.513317191283293,1657,0.5150421179302046,656.3745365617436,-0.32442494628182195,3.141646489104116
3,0.05,0.02,0.6083446326000004,1608344.6326000004,0.5041420118343195,1695,0.5211764705882352,955.6810392899413,-0.3049859227002199,3.0366863905325445
3,0.05,0.03,0.3054841199999994,1305484.1199999994,0.5030826140567201,1627,0.5147058823529411,577.5633041923552,-0.3245762290811174,3.2046855733662145
3,0.05,0.04,0.2882583087999993,1288258.3087999993,0.5081761006289308,1595,0.52,559.7235686792453,-0.3356898844098121,3.2767295597484276
3,0.06,0.02,0.6711927915999971,1671192.791599997,0.5011904761904762,1685,0.5207100591715976,1039.6172936904763,-0.29557888407724914,3.075
3,0.06,0.03,0.3641760001999999,1364176.0002,0.5006211180124224,1615,0.5148148148148148,658.3670124223605,-0.31844340400890436,3.2496894409937886
3,0.06,0.04,0.3398505054999981,1339850.505499998,0.5050632911392405,1585,0.519496855345912,632.4945836708857,-0.3252630433428771,3.3227848101265822
3,0.06,0.05,0.402799917799999,1402799.917799999,0.5083870967741936,1555,0.5192307692307693,724.7867074838712,-0.3166991466799109,3.3793548387096775
3,0.07,0.02,0.615746081099999,1615746.081099999,0.5006016847172082,1667,0.5191387559808612,978.5772197352594,-0.30752036086006995,3.1167268351383877
3,0.07,0.03,0.3345870833000003,1334587.0833000003,0.4993726474278545,1599,0.5124688279301746,624.0964486825601,-0.3185391981158069,3.2948557089084067
3,0.07,0.04,0.26688724619999926,1266887.2461999992,0.5031928480204342,1571,0.5177664974619289,538.7652227330774,-0.33969544732025875,3.3652618135376757
3,0.07,0.05,0.4007532072000005,1400753.2072000005,0.5077922077922078,1545,0.5187096774193548,724.5548487012984,-0.31696538593808243,3.414285714285714
3,0.07,0.06,0.398638864000001,1398638.864000001,0.507227332457293,1527,0.5130548302872062,729.4943194480949,-0.32970751486612043,3.4480946123521683
3,0.08,0.02,0.6135309414000015,1613530.9414000015,0.5012106537530266,1657,0.5186522262334536,977.4878307506058,-0.3083215485951075,3.1331719128329296
3,0.08,0.03,0.3328333401999993,1332833.3401999993,0.5,1589,0.5119196988707654,621.89967689394,-0.3252907470562416,3.308080808080808
3,0.08,0.04,0.2691850472000011,1269185.047200001,0.5045045045045045,1559,0.5179028132992327,542.6778687258685,-0.3386589430714839,3.3783783783783785
3,0.08,0.05,0.4134176941999984,1413417.6941999984,0.5091383812010444,1537,0.5188067444876784,743.3314088772844,-0.32481177283960655,3.4281984334203655
3,0.08,0.06,0.40760650220000066,1407606.5022000007,0.5085865257595773,1519,0.5131233595800525,743.3581993394981,-0.3369993933912467,3.462351387054161
3,0.08,0.07,0.42777762910000117,1427777.6291000012,0.5132978723404256,1509,0.5112285336856011,774.7219101063833,-0.3424772438111785,3.4933510638297873
3,0.09,0.02,0.6104789940000004,1610478.9940000004,0.5018226002430134,1651,0.5181159420289855,973.3611065613609,-0.3082498290614565,3.1518833535844473
3,0.09,0.03,0.2936362982000019,1293636.298200002,0.5019011406844106,1583,0.5125944584382871,567.8164356147023,-0.32613520343212044,3.32319391634981
3,0.09,0.04,0.23038386600000085,1230383.8660000009,0.5038659793814433,1557,0.5160051216389244,486.8327275773197,-0.34576593879391376,3.390463917525773
3,0.09,0.05,0.3616704138000004,1361670.4138000004,0.5071895424836601,1535,0.5155844155844156,668.8340550326797,-0.3241093491282776,3.4405228758169937
3,0.09,0.06,0.3580293240999994,1358029.3240999994,0.5066137566137566,1517,0.5098554533508541,671.2652616402115,-0.3367295694906528,3.4748677248677247
3,0.09,0.07,0.3801739260999998,1380173.9260999998,0.5106666666666667,1505,0.5072847682119205,705.7237077333335,-0.3416180771731989,3.506666666666667
3,0.09,0.08,0.36833435369999845,1368334.3536999985,0.5113484646194927,1503,0.5079575596816976,689.9565399198938,-0.3452001382904567,3.5166889185580774
3,0.1,0.02,0.5648247867000005,1564824.7867000005,0.5006090133982948,1647,0.5181598062953995,916.5381842874548,-0.31116831428602554,3.1607795371498173
3,0.1,0.03,0.26467042149999903,1264670.421499999,0.5006337135614702,1583,0.5125944584382871,528.9202101394172,-0.3246579926067797,3.329531051964512
3,0.1,0.04,0.19865684949999907,1198656.849499999,0.5032258064516129,1555,0.5166666666666667,443.97914503225786,-0.3481338455884282,3.3961290322580644
3,0.1,0.05,0.32105493479999875,1321054.9347999988,0.506544502617801,1533,0.5162548764629389,613.7553103403138,-0.3241118687419381,3.446335078534031
3,0.1,0.06,0.32033080209999926,1320330.8020999993,0.5059602649006623,1515,0.5105263157894737,619.6006603973506,-0.3361711263272204,3.480794701986755
3,0.1,0.07,0.33393367519999806,1333933.675199998,0.5100133511348465,1503,0.5079575596816976,641.954598931909,-0.3418960920326801,3.512683578104139
3,0.1,0.08,0.32603989769999847,1326039.8976999985,0.5106951871657754,1501,0.5086321381142098,631.440447192513,-0.3458089088727136,3.522727272727273
3,0.12,0.02,0.5766181397000011,1576618.139700001,0.5006090133982948,1647,0.5181598062953995,931.538049451889,-0.30711915832866393,3.164433617539586
3,0.12,0.03,0.2827404425000006,1282740.4425000006,0.5006337135614702,1583,0.5125944584382871,552.4964356147019,-0.3246579926067797,3.329531051964512
3,0.12,0.04,0.2162129054999992,1216212.9054999992,0.5032258064516129,1555,0.5166666666666667,467.3632584516123,-0.3445521708309428,3.3961290322580644
3,0.12,0.05,0.3429717664999999,1342971.7665,0.506544502617801,1533,0.5162548764629389,643.350215314136,-0.3241118687419381,3.446335078534031
3,0.12,0.06,0.3425515599999996,1342551.5599999996,0.5059602649006623,1515,0.5105263157894737,649.9752185430461,-0.3361711263272204,3.480794701986755
3,0.12,0.07,0.35837514319999886,1358375.143199999,0.5100133511348465,1503,0.5079575596816976,675.4821260347129,-0.3418960920326801,3.512683578104139
3,0.12,0.08,0.35105883199999854,1351058.8319999985,0.5106951871657754,1501,0.5086321381142098,665.920129010695,-0.3458089088727136,3.522727272727273
3,0.15,0.02,0.6082483481000013,1608248.3481000012,0.501219512195122,1645,0.5187878787878788,973.7745148780499,-0.30236564925050174,3.1731707317073172
3,0.15,0.03,0.3067976805,1306797.6805,0.501269035532995,1581,0.5132408575031526,585.8019257614214,-0.325439417603348,3.3388324873096447
3,0.15,0.04,0.24365186569999928,1243651.8656999993,0.5038759689922481,1553,0.5173299101412067,505.4955322997412,-0.33415767341357105,3.405684754521964
3,0.15,0.05,0.3746534224999987,1374653.4224999987,0.5078534031413613,1533,0.517555266579974,687.2806366492147,-0.32420183127662133,3.451570680628272
3,0.15,0.06,0.37066860019999764,1370668.6001999977,0.5072847682119205,1515,0.5118421052631579,689.4234970860927,-0.33700319791232664,3.486092715231788
3,0.15,0.07,0.38714489639999927,1387144.8963999993,0.5113484646194927,1503,0.5092838196286472,716.343544325768,-0.34180981446931646,3.5180240320427236
3,0.15,0.08,0.37987915319999865,1379879.1531999987,0.5120320855614974,1501,0.5099601593625498,706.7950635026738,-0.34605232068445335,3.52807486631016
4,0.03,0.02,0.6450780012999991,1645078.0012999992,0.525,1605,0.5130434782608696,1045.3609336250008,-0.2818723969692861,3.345
4,0.04,0.02,0.5725361559000004,1572536.1559000004,0.5181818181818182,1545,0.52,983.3720944155853,-0.3096211126554305,3.498701298701299
4,0.04,0.03,0.4548363879000009,1454836.387900001,0.5450762829403606,1447,0.5192837465564738,850.8751292649097,-0.30528265996123066,3.798890429958391
4,0.05,0.02,0.6917914364999992,1691791.4364999991,0.5167336010709505,1499,0.5226063829787234,1174.7490686746987,-0.26623598535726267,3.6278447121820614
4,0.05,0.03,0.462026797199999,1462026.797199999,0.5378031383737518,1407,0.5240793201133145,881.1683088445076,-0.28258107123385623,3.920114122681883
4,0.05,0.04,0.45865976399999997,1458659.764,0.5398230088495575,1361,0.5256222547584187,894.0020184365783,-0.28703540762494434,4.075221238938053
4,0.06,0.02,0.7876703120000004,1787670.3120000004,0.5143638850889193,1467,0.5258152173913043,1333.9074677154583,-0.25645981926126665,3.72640218878249
4,0.06,0.03,0.5808043384000021,1580804.338400002,0.5364431486880467,1377,0.5253256150506512,1077.1063067055393,-0.26948994999702375,4.024781341107872
4,0.06,0.04,0.5638405113999992,1563840.5113999993,0.5384615384615384,1331,0.5254491017964071,1076.1934546003017,-0.2595285517263441,4.176470588235294
4,0.06,0.05,0.5015370121000011,1501537.012100001,0.5529595015576324,1289,0.5193199381761978,1007.2072968847355,-0.24796070553842145,4.316199376947041
4,0.07,0.02,0.8631662471999989,1863166.247199999,0.5188284518828452,1439,0.5290858725761773,1461.5592757322179,-0.256051769933706,3.811715481171548
4,0.07,0.03,0.619052392500001,1619052.392500001,0.537890044576523,1351,0.5265486725663717,1149.775407578009,-0.26648187371720344,4.109955423476968
4,0.07,0.04,0.5940155284000006,1594015.5284000007,0.5408320493066255,1303,0.5259938837920489,1139.9879755007698,-0.2548285171381607,4.263482280431433
4,0.07,0.05,0.488555490100001,1488555.490100001,0.5515055467511886,1267,0.5235849056603774,997.3655987321715,-0.26421534171231054,4.399366085578447
4,0.07,0.06,0.6031949965000017,1603194.9965000018,0.5566343042071198,1241,0.5184590690208668,1211.8242098705496,-0.23876334655962486,4.483818770226537
4,0.08,0.02,0.8803408058000016,1880340.8058000016,0.5225352112676056,1425,0.5342657342657343,1496.5071854929577,-0.27448643733112615,3.8535211267605636
4,0.08,0.03,0.5959523092999994,1595952.3092999994,0.539039039039039,1337,0.5275707898658718,1119.653685135135,-0.2786734076651231,4.153153153153153
4,0.08,0.04,0.5959387136999983,1595938.7136999983,0.5451713395638629,1289,0.5301391035548686,1151.6213465732094,-0.2623466376545145,4.3193146417445485
4,0.08,0.05,0.5293140526000005,1529314.0526000005,0.5568,1255,0.5238095238095238,1069.50747136,-0.23438900776490573,4.4272
4,0.08,0.06,0.6596632591999992,1659663.2591999993,0.5620915032679739,1229,0.5186385737439222,1313.0480779411769,-0.23119265380668644,4.5130718954248366
4,0.08,0.07,0.6323200429000012,1632320.0429000012,0.5655058043117744,1211,0.5115131578947368,1282.6133043117745,-0.24077416108487543,4.603648424543947
4,0.09,0.02,0.8180956782000018,1818095.6782000018,0.5279770444763271,1399,0.5356125356125356,1419.3339200860842,-0.27468827805518903,3.932568149210904
4,0.09,0.03,0.42697736759999977,1426977.3675999998,0.5411585365853658,1317,0.5310136157337367,860.9058792682924,-0.2777852952538002,4.2317073170731705
4,0.09,0.04,0.4088380347000002,1408838.0347000002,0.5458860759493671,1269,0.5321821036106751,855.6031088607593,-0.2626296517193549,4.393987341772152
4,0.09,0.05,0.38761728629999936,1387617.2862999993,0.5584415584415584,1237,0.5265700483091788,837.5446686688314,-0.2681818099453169,4.503246753246753
4,0.09,0.06,0.5647682036000006,1564768.2036000006,0.5685950413223141,1215,0.519672131147541,1155.9336580165286,-0.23119265380668644,4.580165289256199
4,0.09,0.07,0.5343633536999999,1534363.3536999999,0.5714285714285714,1195,0.5116666666666667,1119.2735700840335,-0.24720686383165036,4.670588235294118
4,0.09,0.08,0.5391053039000009,1539105.3039000009,0.5714285714285714,1195,0.5116666666666667,1128.2859495798325,-0.24114785634816355,4.678991596638656
4,0.1,0.02,0.7231645436000016,1723164.5436000016,0.5230547550432276,1393,0.5321888412017167,1279.1696953890487,-0.2741862987946195,3.946685878962536
4,0.1,0.03,0.40428523250000037,1404285.2325000004,0.5405819295558959,1311,0.5273556231003039,824.2223891271053,-0.2784508428015418,4.252679938744257
4,0.1,0.04,0.37549721129999963,1375497.2112999996,0.5453100158982512,1263,0.5283911671924291,799.3765241653421,-0.2624861380968842,4.416534181240063
4,0.1,0.05,0.356427803700001,1356427.803700001,0.5579119086460033,1231,0.5226537216828478,783.593120228385,-0.25518279332981314,4.526916802610114
4,0.1,0.06,0.489182882100001,1489182.882100001,0.5631229235880398,1209,0.5172981878088962,1026.7402892026582,-0.23119265380668644,4.604651162790698
4,0.1,0.07,0.4576963292000019,1457696.329200002,0.5658783783783784,1189,0.509212730318258,986.1543185810817,-0.25619037142544737,4.695945945945946
4,0.1,0.08,0.4639696916000017,1463969.6916000016,0.5651438240270727,1187,0.5083892617449665,998.8870257191203,-0.25064758876610826,4.712351945854484
4,0.12,0.02,0.7365789848000031,1736578.984800003,0.5202898550724637,1385,0.5266187050359712,1306.0666481159426,-0.27431528648453035,3.979710144927536
4,0.12,0.03,0.4264289995999995,1426428.9995999995,0.539291217257319,1303,0.5244648318042814,862.0351397534669,-0.27852410029674923,4.285053929121726
4,0.12,0.04,0.38346051640000056,1383460.5164000005,0.5447284345047924,1257,0.526148969889065,813.9888956869008,-0.2624759423083322,4.444089456869009
4,0.12,0.05,0.36916071060000033,1369160.7106000003,0.5564648117839607,1227,0.5194805194805194,805.1551723404255,-0.26254693980796057,4.5499181669394435
4,0.12,0.06,0.49425420420000005,1494254.2042,0.5609348914858097,1203,0.5132450331125827,1038.0373923205348,-0.23119265380668644,4.626043405676127
4,0.12,0.07,0.43821200679999894,1438212.006799999,0.5651438240270727,1187,0.5067114093959731,952.9080769881557,-0.26461924596464936,4.710659898477157
4,0.12,0.08,0.45419733129999973,1454197.3312999997,0.5644067796610169,1185,0.5058823529411764,983.2666966101691,-0.25321947988476345,4.727118644067796
4,0.15,0.02,0.7846953818999994,1784695.3818999995,0.5247093023255814,1381,0.5266955266955267,1383.8132562500002,-0.2744208513358442,4.001453488372093
4,0.15,0.03,0.44421421249999943,1444214.2124999994,0.5416666666666666,1301,0.5267993874425727,893.8323138888888,-0.2784950249399282,4.290123456790123
4,0.15,0.04,0.39450381209999974,1394503.8120999997,0.5472,1255,0.5285714285714286,835.6486524800005,-0.2619987342819357,4.4496
4,0.15,0.05,0.3310596043000012,1331059.6043000012,0.5566502463054187,1223,0.5195439739413681,745.9994945812805,-0.24815559058328257,4.563218390804598
4,0.15,0.06,0.45782693819999976,1457826.9381999997,0.5611390284757118,1199,0.5132890365448505,981.8351288107208,-0.23119265380668644,4.639865996649916
4,0.15,0.07,0.4094440161000006,1409444.0161000006,0.565365025466893,1183,0.5067340067340067,908.7925414261462,-0.24700584681200702,4.7249575551782685
4,0.15,0.08,0.39571469509999874,1395714.6950999987,0.564625850340136,1181,0.5059021922428331,885.6034795918366,-0.25217912554519367,4.741496598639456
5,0.03,0.02,0.6568101579000016,1656810.1579000016,0.5295698924731183,1493,0.5233644859813084,1117.89914233871,-0.2587166401125632,3.75
5,0.04,0.02,0.6677912817000001,1667791.2817000002,0.5254957507082153,1417,0.5260196905766527,1183.8676507082157,-0.2787922202115367,4.002832861189802
5,0.04,0.03,0.4427758567999999,1442775.8568,0.5504587155963303,1313,0.5250379362670713,913.8340064220178,-0.28589839473763795,4.371559633027523
5,0.05,0.02,0.7020885138000029,1702088.5138000029,0.5167394468704513,1379,0.5202312138728323,1266.0536736535664,-0.25273091523236335,4.142649199417758
5,0.05,0.03,0.4631731254999989,1463173.125499999,0.543171114599686,1279,0.5218068535825545,961.5517987441125,-0.26305847851150166,4.521193092621664
5,0.05,0.04,0.43077529739999937,1430775.2973999993,0.5506535947712419,1229,0.5251215559157212,952.8260421568626,-0.27518260957854146,4.723856209150327
5,0.06,0.02,0.6507434933000011,1650743.4933000011,0.5081723625557206,1351,0.5221238938053098,1209.958029866271,-0.2637483188677159,4.25408618127786
5,0.06,0.03,0.4527305651999982,1452730.5651999982,0.5345104333868379,1251,0.517515923566879,961.5130134831459,-0.26563093633122925,4.653290529695024
5,0.06,0.04,0.31128698680000005,1311286.9868,0.5384615384615384,1201,0.5190713101160862,756.6382292642141,-0.2818977586114877,4.867892976588629
5,0.06,0.05,0.5754511642000014,1575451.1642000014,0.5571177504393673,1143,0.524390243902439,1270.7045864674876,-0.2772502201289844,5.103690685413005
5,0.07,0.02,0.6765999198,1676599.9198,0.5045592705167173,1321,0.5248868778280543,1270.4696615501523,-0.26450514026622574,4.378419452887538
5,0.07,0.03,0.455901772099999,1455901.772099999,0.5271828665568369,1219,0.5196078431372549,987.0955672158146,-0.2652862853196072,4.794069192751236
5,0.07,0.04,0.3822362235999999,1382236.2236,0.5351629502572899,1171,0.5255102040816326,899.4050399656951,-0.27464319205786464,5.013722126929674
5,0.07,0.05,0.5778599219000011,1577859.9219000011,0.5483870967741935,1121,0.5257548845470693,1294.486468817205,-0.27651357369394286,5.225806451612903
5,0.07,0.06,0.7559633535000021,1755963.353500002,0.5625,1093,0.5227686703096539,1669.3660748161767,-0.2770940345427329,5.373161764705882
5,0.08,0.02,0.6209157754000011,1620915.775400001,0.5023041474654378,1307,0.5259146341463414,1194.2088046082954,-0.2796410517570524,4.431643625192012
5,0.08,0.03,0.3915563152000017,1391556.3152000017,0.5241264559068219,1207,0.5165016501650165,883.6781948419298,-0.27132307655158877,4.856905158069884
5,0.08,0.04,0.35183596070000017,1351835.9607000002,0.5337954939341422,1159,0.5223367697594502,852.240129289428,-0.2919594071418671,5.086655112651647
5,0.08,0.05,0.5505551925000015,1550555.1925000015,0.5408348457350273,1107,0.5233812949640287,1214.2365148820338,-0.27674407564593256,5.297640653357532
5,0.08,0.06,0.8228058639000009,1822805.863900001,0.5597014925373134,1077,0.5212569316081331,1768.471442910448,-0.27718667281212095,5.458955223880597
5,0.08,0.07,0.9760512913999988,1976051.2913999988,0.5687022900763359,1053,0.5198487712665406,2032.969471374046,-0.2727812556793602,5.633587786259542
5,0.09,0.02,0.5925162012000026,1592516.2012000026,0.5,1281,0.52099533437014,1119.6419811912224,-0.27909427603419207,4.543887147335423
5,0.09,0.03,0.3403274930999996,1340327.4930999996,0.5212224108658744,1183,0.5185185185185185,799.6741862478775,-0.2709801020963953,4.979626485568761
5,0.09,0.04,0.2500201196000015,1250020.1196000015,0.5318021201413428,1137,0.5183887915936952,670.8273498233212,-0.2908398853643326,5.208480565371024
5,0.09,0.05,0.45003471029999853,1450034.7102999985,0.5397412199630314,1087,0.5164835164835165,1036.0960358595191,-0.2768125622536124,5.421441774491682
5,0.09,0.06,0.7334673124999997,1733467.3124999998,0.5597722960151803,1059,0.5169172932330827,1612.520571157495,-0.2771858573236553,5.578747628083492
5,0.09,0.07,0.8935668655999988,1893566.8655999987,0.566990291262136,1035,0.5173076923076924,1895.7806807766992,-0.27293644405385487,5.7592233009708735
5,0.09,0.08,0.8645213947999987,1864521.3947999987,0.568359375,1029,0.5164410058027079,1847.6969923828128,-0.27014050149223917,5.80859375
5,0.1,0.02,0.4865523965000007,1486552.3965000007,0.494488188976378,1275,0.5171875,988.3648316535431,-0.27842595744155824,4.576377952755905
5,0.1,0.03,0.25715512809999985,1257155.1280999999,0.517948717948718,1175,0.5135593220338983,654.4335555555558,-0.27073026153140833,5.029059829059829
5,0.1,0.04,0.2093904100000006,1209390.4100000006,0.5284697508896797,1129,0.5149911816578483,596.0279254448398,-0.29179734748862646,5.2562277580071175
5,0.1,0.05,0.33642642450000043,1336426.4245000004,0.5353159851301115,1081,0.5119705340699816,818.8488026022297,-0.277149225350053,5.4721189591078065
5,0.1,0.06,0.5969932179999998,1596993.2179999999,0.5564053537284895,1051,0.5113636363636364,1352.171348183556,-0.2771525455309502,5.642447418738049
5,0.1,0.07,0.7392740758000012,1739274.0758000012,0.5636007827788649,1027,0.5135658914728682,1603.353923287672,-0.27202971026257405,5.825831702544031
5,0.1,0.08,0.7150693787000014,1715069.3787000014,0.5649606299212598,1021,0.5126705653021443,1562.9032094488182,-0.26959988271934254,5.875984251968504
5,0.12,0.02,0.43649294349999984,1436492.9434999998,0.4849921011058452,1271,0.5062695924764891,907.4349902053726,-0.2828375177945149,4.597156398104265
5,0.12,0.03,0.2421697147000013,1242169.7147000013,0.5068493150684932,1173,0.5025466893039049,624.2758775684931,-0.27467358096564864,5.041095890410959
5,0.12,0.04,0.23076757060000092,1230767.570600001,0.5206463195691203,1119,0.5071174377224199,639.5318448833029,-0.28226016670814347,5.307001795332137
5,0.12,0.05,0.3357971180999994,1335797.1180999994,0.5318352059925093,1073,0.5046382189239332,818.5370895131085,-0.27715590611711916,5.5187265917602994
5,0.12,0.06,0.5595517644,1559551.7644,0.5472061657032755,1043,0.5,1282.1962373795766,-0.2761036728377576,5.691714836223507
5,0.12,0.07,0.7343426799000004,1734342.6799000003,0.5592885375494071,1017,0.5048923679060665,1604.752201581027,-0.2721827343816591,5.877470355731226
5,0.12,0.08,0.7102442554000025,1710244.2554000025,0.5606361829025845,1011,0.5039370078740157,1563.8020178926447,-0.2702296593018241,5.928429423459245
5,0.15,0.02,0.5441516641000023,1544151.6641000023,0.4880382775119617,1259,0.5063291139240507,1093.2916306220102,-0.28323518463874414,4.647527910685805
5,0.15,0.03,0.2939275933000008,1293927.5933000008,0.5103448275862069,1165,0.5008547008547009,721.579320344827,-0.2754438120264179,5.084482758620689
5,0.15,0.04,0.31031019030000107,1310310.190300001,0.5244122965641953,1111,0.5053763440860215,794.6913274864378,-0.2830774219414075,5.35623869801085
5,0.15,0.05,0.3724725799000005,1372472.5799000005,0.5348399246704332,1067,0.5055970149253731,897.4105446327683,-0.2763703900236544,5.56120527306968
5,0.15,0.06,0.6345185542999976,1634518.5542999976,0.5533980582524272,1035,0.5,1441.1993269902903,-0.27759244028949986,5.751456310679612
5,0.15,0.07,0.7762576164000013,1776257.6164000013,0.562874251497006,1007,0.5,1703.508006387226,-0.2721830009302584,5.956087824351298
5,0.15,0.08,0.761353510900004,1761353.510900004,0.5642570281124498,1001,0.4990059642147117,1681.1102831325309,-0.26977333544568033,6.008032128514056
6,0.03,0.02,0.48385884410000013,1483858.8441,0.5177304964539007,1415,0.5225352112676056,908.8867398581561,-0.283708406763813,3.950354609929078
6,0.04,0.02,0.46971524459999914,1469715.2445999992,0.5135542168674698,1333,0.5246636771300448,935.4852650602413,-0.30728537996718547,4.234939759036145
6,0.04,0.03,0.3047472138,1304747.2138,0.5339805825242718,1241,0.5200642054574639,709.8895784789651,-0.346535888878736,4.6375404530744335
6,0.05,0.02,0.36922065110000085,1369220.6511000008,0.5015337423312883,1309,0.5205479452054794,786.6722937116571,-0.33956432320355406,4.361963190184049
6,0.05,0.03,0.32386181870000136,1323861.8187000013,0.5306799336650083,1211,0.5197368421052632,742.9790363184086,-0.3119086935717459,4.802653399668325
6,0.05,0.04,0.28450599399999904,1284505.993999999,0.5389948006932409,1159,0.520618556701031,693.1263610051994,-0.3148993171810833,5.024263431542461
6,0.06,0.02,0.44608575450000076,1446085.7545000007,0.5,1273,0.5195618153364632,925.60682570978,-0.3306772493992128,4.514195583596215
6,0.06,0.03,0.402639340000001,1402639.340000001,0.5297113752122241,1183,0.5218855218855218,894.0487490662143,-0.29271173980129395,4.935483870967742
6,0.06,0.04,0.3402365969000012,1340236.5969000012,0.5346358792184724,1131,0.5246478873239436,808.2818179396093,-0.3239336439684064,5.172291296625222
6,0.06,0.05,0.5385818661000005,1538581.8661000005,0.5504587155963303,1095,0.5363636363636364,1206.7066799999998,-0.27462449948355067,5.379816513761468
6,0.07,0.02,0.26718019900000073,1267180.1990000007,0.48717948717948717,1253,0.5166931637519873,631.9313269230773,-0.36123691510312006,4.607371794871795
6,0.07,0.03,0.3206472036999993,1320647.2036999993,0.52,1155,0.5189655172413793,755.3969330434788,-0.2847612469288961,5.092173913043478
6,0.07,0.04,0.26569251570000035,1265692.5157000003,0.5262206148282098,1111,0.5197132616487455,674.8364956600361,-0.32854523524725365,5.314647377938517
6,0.07,0.05,0.43072654339999983,1430726.5433999998,0.5408921933085502,1081,0.5340699815837937,1006.2976832713763,-0.29585124715974,5.5
6,0.07,0.06,0.4955311579000007,1495531.1579000007,0.5437262357414449,1057,0.5291902071563088,1154.0139600760465,-0.2876530623478274,5.642585551330798
6,0.08,0.02,0.2273137848999994,1227313.7848999994,0.4846029173419773,1239,0.5112540192926045,570.2451296596438,-0.3678446173520594,4.6742301458670985
6,0.08,0.03,0.34673248909999943,1346732.4890999994,0.5157894736842106,1145,0.52,806.0407005263158,-0.30620435326414075,5.149122807017544
6,0.08,0.04,0.21031491230000066,1210314.9123000007,0.519927536231884,1109,0.518850987432675,569.681508514493,-0.3604717639943558,5.346014492753623
6,0.08,0.05,0.3803469629999993,1380346.9629999993,0.5364485981308411,1075,0.5314814814814814,873.8121521495326,-0.30048366341533095,5.545794392523365
6,0.08,0.06,0.48554500240000037,1485545.0024000003,0.5421455938697318,1049,0.5218216318785579,1098.1466536398466,-0.2661572679035768,5.699233716475096
6,0.08,0.07,0.5330967234000014,1533096.7234000014,0.5386138613861386,1015,0.5235294117647059,1194.0310902970305,-0.25940044477247376,5.893069306930693
6,0.09,0.02,0.3518458502000002,1351845.8502000002,0.4900990099009901,1217,0.5204582651391162,781.6712861386143,-0.3300634778200541,4.805280528052806
6,0.09,0.03,0.27323884540000115,1273238.8454000012,0.5150976909413855,1131,0.522887323943662,673.648204440498,-0.3138945914945522,5.2770870337477795
6,0.09,0.04,0.1493437791999993,1149343.7791999993,0.5174953959484346,1091,0.5182481751824818,455.19135267035017,-0.35995237479335174,5.476979742173112
6,0.09,0.05,0.22143246690000035,1221432.4669000003,0.5321969696969697,1061,0.5328330206378987,569.2632018939405,-0.32280155710429403,5.65719696969697
6,0.09,0.06,0.3351208191000002,1335120.8191000002,0.537864077669903,1035,0.5269230769230769,807.3090363106792,-0.2750215495842229,5.805825242718447
6,0.09,0.07,0.3761332117999999,1376133.2118,0.5350701402805611,1003,0.5218253968253969,884.8525699398791,-0.26508322346011987,6.002004008016032
6,0.09,0.08,0.41802461320000023,1418024.6132000003,0.5401606425702812,1001,0.5288270377733598,969.8456622489955,-0.24668741346413,6.018072289156627
6,0.1,0.02,0.24456756849999958,1244567.5684999996,0.4867109634551495,1209,0.5189456342668863,601.62599152824,-0.3324489872769778,4.847176079734219
6,0.1,0.03,0.2137642357000003,1213764.2357000003,0.5107142857142857,1125,0.5185840707964602,564.8189926785717,-0.3129554800726064,5.319642857142857
6,0.1,0.04,0.1363255340999998,1136325.5340999998,0.5148148148148148,1085,0.5119266055045871,430.0121368518522,-0.33329224685482756,5.531481481481482
6,0.1,0.05,0.18263850970000123,1182638.5097000012,0.5295238095238095,1055,0.5245283018867924,493.8582767619049,-0.30722512728227686,5.712380952380952
6,0.1,0.06,0.29675078209999994,1296750.7821,0.53515625,1029,0.5183752417794971,732.3409673828119,-0.25715193567684896,5.86328125
6,0.1,0.07,0.33047841870000094,1330478.418700001,0.532258064516129,997,0.5149700598802395,794.1320092741937,-0.24861618692674653,6.0625
6,0.1,0.08,0.3584420264000015,1358442.0264000015,0.5373737373737374,995,0.522,851.4921098989901,-0.2343526122301599,6.078787878787879
6,0.12,0.02,0.2492718391000016,1249271.8391000016,0.4841930116472546,1207,0.5132013201320133,605.0817682196349,-0.35018632469839045,4.868552412645591
6,0.12,0.03,0.14078577230000053,1140785.7723000005,0.5044722719141324,1123,0.5124113475177305,429.8888819320217,-0.3498061547410997,5.338103756708408
6,0.12,0.04,0.12292775389999896,1122927.753899999,0.5102420856610801,1079,0.5055350553505535,405.3519189944136,-0.35414314968874533,5.567970204841713
6,0.12,0.05,0.1469673696000003,1146967.3696000003,0.5258126195028681,1051,0.5170454545454546,424.74242122371004,-0.33747524407914636,5.732313575525812
6,0.12,0.06,0.29046272200000145,1290462.7220000015,0.5304518664047151,1023,0.5136186770428015,719.8115068762287,-0.2741994920680922,5.8919449901768175
6,0.12,0.07,0.36836802490000076,1368368.0249000008,0.5303643724696356,993,0.5090180360721442,859.4743139676124,-0.2625719717935113,6.0951417004048585
6,0.12,0.08,0.3919907741000005,1391990.7741000005,0.5354969574036511,991,0.5160642570281124,908.608182150102,-0.24645188111354788,6.113590263691684
6,0.15,0.02,0.21050965210000006,1210509.6521,0.4798657718120805,1197,0.5141430948419301,543.9914355704705,-0.353146275603218,4.906040268456376
6,0.15,0.03,0.0767197174999998,1076719.7174999998,0.5045045045045045,1114,0.5098389982110912,315.5584360360365,-0.3533852685447101,5.3747747747747745
6,0.15,0.04,0.030304895599999347,1030304.8955999993,0.5103189493433395,1070,0.5046554934823091,231.65716510319,-0.37069244609959,5.609756097560975
6,0.15,0.05,0.11189730180000071,1111897.3018000007,0.5279383429672447,1043,0.517175572519084,361.91104026975006,-0.32058510252657874,5.786127167630058
6,0.15,0.06,0.23133067440000013,1231330.6744000001,0.5337301587301587,1013,0.5127701375245579,612.2968311507937,-0.2655625358891513,5.9603174603174605
6,0.15,0.07,0.4235828265000007,1423582.8265000007,0.5346938775510204,985,0.5050505050505051,981.4495695918368,-0.228612528644766,6.1571428571428575
6,0.15,0.08,0.3898737963999994,1389873.7963999994,0.5378323108384458,983,0.5141700404858299,914.3769089979548,-0.23378929028634765,6.175869120654396
7,0.03,0.02,0.41368407730000045,1413684.0773000005,0.5044510385756676,1353,0.5213549337260678,828.117751038576,-0.2766623619291882,4.1513353115727005
7,0.04,0.02,0.45003954060000134,1450039.5406000013,0.4976228209191759,1267,0.529874213836478,936.749180031696,-0.3100177885164849,4.475435816164818
7,0.04,0.03,0.2710981114999994,1271098.1114999994,0.5413793103448276,1165,0.5247863247863248,680.7081679310354,-0.3000959597726993,4.970689655172414
7,0.05,0.02,0.46960113090000094,1469601.130900001,0.4909983633387889,1227,0.5243506493506493,994.5075744680853,-0.2954696957402969,4.633387888707038
7,0.05,0.03,0.4471247409000008,1447124.7409000008,0.5413669064748201,1117,0.5276292335115864,1033.892338489208,-0.27351222393137525,5.1852517985611515
7,0.05,0.04,0.4728163270000012,1472816.3270000012,0.5509433962264151,1065,0.5214953271028038,1131.4013332075474,-0.2508326843524511,5.443396226415095
7,0.06,0.02,0.427255317199999,1427255.317199999,0.4797297297297297,1189,0.5159128978224455,942.0363876689194,-0.3044592694250258,4.824324324324325
7,0.06,0.03,0.33466049419999916,1334660.4941999991,0.524074074074074,1085,0.5119266055045871,843.8956750000003,-0.29909352125375555,5.361111111111111
7,0.06,0.04,0.5560670044999987,1556067.0044999986,0.5366795366795367,1041,0.5124282982791587,1325.6794592664098,-0.25961273571134724,5.608108108108108
7,0.06,0.05,0.7430363336,1743036.3336,0.5469387755102041,985,0.5151515151515151,1787.7211763265311,-0.26592406795905,5.918367346938775
7,0.07,0.02,0.3659425243999991,1365942.524399999,0.46815834767641995,1167,0.5221843003412969,841.9619748709125,-0.310525331962059,4.920826161790017
7,0.07,0.03,0.24326155400000024,1243261.5540000002,0.5075757575757576,1061,0.5140712945590994,674.1078321969699,-0.2947233312094234,5.507575757575758
7,0.07,0.04,0.3615220601000001,1361522.0601000001,0.515748031496063,1021,0.5029239766081871,945.8953397637804,-0.2553266974598724,5.75
7,0.07,0.05,0.46594890069999967,1465948.9006999996,0.525,965,0.5072164948453608,1213.5797552083336,-0.2578267425698472,6.0625
7,0.07,0.06,0.38437913230000015,1384379.1323000002,0.5306553911205074,951,0.5083682008368201,1050.8285488372087,-0.2660359369650265,6.217758985200845
7,0.08,0.02,0.4399056916000009,1439905.691600001,0.4638447971781305,1139,0.5157342657342657,993.5812592592604,-0.3222386740415253,5.0476190476190474
7,0.08,0.03,0.2391835474000005,1239183.5474000005,0.5057915057915058,1041,0.5162523900573613,676.6416691119689,-0.2916213363452463,5.598455598455598
7,0.08,0.04,0.3117591719000009,1311759.171900001,0.5089820359281437,1007,0.5019762845849802,850.1435047904191,-0.3090227467568977,5.852295409181637
7,0.08,0.05,0.38037747320000037,1380377.4732000004,0.5211864406779662,949,0.5052410901467506,1043.3848508474575,-0.27904994681270934,6.169491525423729
7,0.08,0.06,0.3701505838999981,1370150.583899998,0.5311827956989247,935,0.5106382978723404,1033.1568843010755,-0.2807037785134138,6.335483870967742
7,0.08,0.07,0.39609381749999917,1396093.8174999992,0.5287610619469026,909,0.5076586433260394,1122.0272893805316,-0.2994460380678731,6.519911504424779
7,0.09,0.02,0.6441344131000014,1644134.4131000014,0.4755877034358047,1111,0.5197132616487455,1390.563357142858,-0.3188161369285265,5.2097649186256785
7,0.09,0.03,0.3437952801999985,1343795.2801999985,0.5167652859960552,1019,0.515625,895.3690917159757,-0.3026494023787176,5.78698224852071
7,0.09,0.04,0.40474971990000014,1404749.7199000001,0.5185185185185185,977,0.5132382892057027,1066.1808606995885,-0.2991380658112641,6.067901234567901
7,0.09,0.05,0.3664917192999995,1366491.7192999995,0.5194805194805194,929,0.5053533190578159,1024.8145954545462,-0.275417131405138,6.3311688311688314
7,0.09,0.06,0.3240695923999988,1324069.5923999988,0.5320088300220751,911,0.519650655021834,944.0411465783668,-0.2990462201789712,6.509933774834437
7,0.09,0.07,0.3048579572999985,1304857.9572999985,0.5225225225225225,893,0.5100222717149221,916.6143680180174,-0.3321313928931529,6.655405405405405
7,0.09,0.08,0.45987398140000085,1459873.9814000009,0.528344671201814,887,0.515695067264574,1284.8123185941042,-0.2696158217850352,6.705215419501134
7,0.1,0.02,0.5592040000999998,1559204.0000999998,0.4690909090909091,1105,0.5171171171171172,1243.4026838181826,-0.31859055810190695,5.236363636363636
7,0.1,0.03,0.22774435389999997,1227744.3539,0.5059523809523809,1013,0.5088408644400786,649.4719192460319,-0.3011488667532971,5.8273809523809526
7,0.1,0.04,0.24660423929999908,1246604.239299999,0.505175983436853,971,0.5081967213114754,719.4520095238097,-0.29538912023761715,6.105590062111801
7,0.1,0.05,0.23323101640000007,1233231.0164,0.5087336244541485,921,0.49892008639308855,711.1114906113531,-0.27554100027419576,6.384279475982533
7,0.1,0.06,0.15866518080000067,1158665.1808000007,0.5178571428571429,901,0.5143487858719646,548.1321093750001,-0.30843545552567747,6.564732142857143
7,0.1,0.07,0.15841260269999946,1158412.6026999995,0.5091324200913242,881,0.5079006772009029,558.9802513698629,-0.32748381646715924,6.710045662100456
7,0.1,0.08,0.2974295476000002,1297429.5476000002,0.5149425287356322,875,0.509090909090909,891.1125080459767,-0.26903934882043296,6.767816091954023
7,0.12,0.02,0.6087294805000005,1608729.4805000005,0.47058823529411764,1093,0.517304189435337,1343.604937683824,-0.3190296724020683,5.314338235294118
7,0.12,0.03,0.20817990289999963,1208179.9028999996,0.5040160642570282,1001,0.5029821073558648,611.951624497992,-0.30430044979084286,5.885542168674699
7,0.12,0.04,0.24252335719999882,1242523.3571999988,0.5031315240083507,963,0.5020661157024794,710.4203634655535,-0.3244734174973357,6.146137787056367
7,0.12,0.05,0.297174672999999,1297174.672999999,0.5109649122807017,917,0.4945770065075922,858.8054622807017,-0.2755948466425191,6.43640350877193
7,0.12,0.06,0.21189854559999985,1211898.5455999998,0.5213483146067416,895,0.5088888888888888,674.7193071910117,-0.3091686808841149,6.608988764044944
7,0.12,0.07,0.17275257300000055,1172752.5730000006,0.5127020785219399,871,0.4977168949771689,623.5242297921477,-0.3495799980088384,6.775981524249422
7,0.12,0.08,0.3809124200999993,1380912.4200999993,0.5197215777262181,867,0.5,1128.7662505800467,-0.270523451258117,6.823665893271461
7,0.15,0.02,0.5847183746000016,1584718.3746000016,0.47201492537313433,1077,0.5212569316081331,1317.2952111940301,-0.31576081026180797,5.373134328358209
7,0.15,0.03,0.2595579984999998,1259557.9984999998,0.5080971659919028,993,0.5110220440881763,721.8733917004047,-0.3108246598551589,5.949392712550607
7,0.15,0.04,0.3317599599999995,1331759.9599999995,0.5094339622641509,959,0.5020746887966805,905.308216771488,-0.3160912420069397,6.19706498951782
7,0.15,0.05,0.46690600749999706,1466906.007499997,0.5165562913907285,911,0.4978165938864629,1251.1388116997782,-0.24615611652672753,6.472406181015453
7,0.15,0.06,0.39743792360000174,1397437.9236000017,0.5339366515837104,889,0.5167785234899329,1111.319414932128,-0.24671359659627629,6.65158371040724
7,0.15,0.07,0.38521342499999983,1385213.4249999998,0.5255813953488372,865,0.5057471264367817,1139.7082837209298,-0.2739289021966293,6.82093023255814
7,0.15,0.08,0.5566059240000001,1556605.924,0.530373831775701,861,0.5057736720554272,1560.2956172897198,-0.2570124091546236,6.864485981308412
8,0.03,0.02,0.5681956103000022,1568195.6103000022,0.5031152647975078,1289,0.5224111282843895,1114.6854752336458,-0.27308744333016205,4.434579439252336
8,0.04,0.02,0.5806257623000007,1580625.7623000008,0.4781144781144781,1193,0.5141903171953256,1214.4543717171728,-0.30420340815498453,4.843434343434343
8,0.04,0.03,0.6346682023000002,1634668.2023000002,0.5223880597014925,1077,0.5046210720887245,1436.2647542910447,-0.2971874691726174,5.501865671641791
8,0.05,0.02,0.6199617371999994,1619961.7371999994,0.46853146853146854,1149,0.5060658578856152,1320.71136555944,-0.2855730315348475,5.068181818181818
8,0.05,0.03,0.7577743138999995,1757774.3138999995,0.5192307692307693,1045,0.5123809523809524,1711.2355298076925,-0.27767768283680055,5.690384615384615
8,0.05,0.04,0.6383540735000004,1638354.0735000004,0.5327868852459017,981,0.4949290060851927,1549.5237631147559,-0.24511332815499126,6.168032786885246
8,0.06,0.02,0.6077094976000004,1607709.4976000004,0.46,1105,0.4990990990990991,1347.2173150909093,-0.3003720285443858,5.3090909090909095
8,0.06,0.03,0.6747006858000015,1674700.6858000015,0.5120481927710844,1001,0.48906560636182905,1635.2287815261052,-0.2909887399755459,5.967871485943775
8,0.06,0.04,0.5593903027999997,1559390.3027999997,0.5170212765957447,945,0.47368421052631576,1427.8789382978719,-0.26965141948851173,6.419148936170213
8,0.06,0.05,0.6320926837999997,1632092.6837999998,0.5291479820627802,897,0.47671840354767187,1655.6692858744393,-0.2761228028470796,6.751121076233184
8,0.07,0.02,0.6000600383000011,1600060.038300001,0.4523364485981308,1075,0.5055555555555555,1360.4367927102808,-0.294619665048226,5.519626168224299
8,0.07,0.03,0.6056513280000013,1605651.3280000014,0.5072463768115942,971,0.48565573770491804,1530.1199198757765,-0.28245177816262707,6.213250517598344
8,0.07,0.04,0.47778263100000096,1477782.631000001,0.5152838427947598,921,0.46652267818574517,1269.822587554586,-0.272691497352816,6.639737991266376
8,0.07,0.05,0.5024172748999982,1502417.2748999982,0.5206422018348624,877,0.47619047619047616,1378.552477522935,-0.2721077142657281,6.970183486238532
8,0.07,0.06,0.49661672240000077,1496616.7224000008,0.5298329355608592,843,0.46462264150943394,1410.3618398568024,-0.28425102362336574,7.257756563245823
8,0.08,0.02,0.6332921919000014,1633292.1919000014,0.45873320537428025,1047,0.5152091254752852,1460.1992063339733,-0.2885882829508613,5.667946257197697
8,0.08,0.03,0.8642904161000005,1864290.4161000005,0.5115303983228512,959,0.487551867219917,2077.542837945493,-0.2766560841144189,6.285115303983228
8,0.08,0.04,0.6357202637000009,1635720.263700001,0.5271493212669683,889,0.4697986577181208,1674.2850785067888,-0.2747123322420533,6.8144796380090495
8,0.08,0.05,0.4561418055999994,1456141.8055999994,0.5162790697674419,865,0.4804597701149425,1284.245303023255,-0.30073583087304806,7.032558139534884
8,0.08,0.06,0.6109828262999984,1610982.8262999984,0.5253012048192771,835,0.4738095238095238,1706.9907763855417,-0.28695164863069605,7.327710843373494
8,0.08,0.07,0.5991637922000005,1599163.7922000005,0.5298507462686567,809,0.4692874692874693,1729.2377601990052,-0.2531736149489752,7.557213930348259
8,0.09,0.02,0.7905242124000003,1790524.2124000003,0.46548323471400394,1019,0.515625,1811.723490335306,-0.2719845204287902,5.842209072978304
8,0.09,0.03,0.8277269902999993,1827726.9902999992,0.5075593952483801,931,0.49572649572649574,2041.345180345573,-0.28911992447344714,6.50755939524838
8,0.09,0.04,0.5110211771000002,1511021.1771000002,0.5114155251141552,881,0.4604966139954853,1385.9226600456625,-0.3012773485012274,6.938356164383562
8,0.09,0.05,0.35272418919999804,1352724.189199998,0.508235294117647,855,0.47674418604651164,1041.3068414117652,-0.34735131357548543,7.152941176470589
8,0.09,0.06,0.6382470253999997,1638247.0253999997,0.5294117647058824,821,0.4721549636803874,1796.862270588235,-0.3079558994994419,7.4754901960784315
8,0.09,0.07,0.7004744685999998,1700474.4685999998,0.5367088607594936,795,0.47,2010.8987896202525,-0.26771721570282825,7.718987341772152
8,0.09,0.08,0.8969496321000006,1896949.6321000005,0.5433673469387755,789,0.473551637279597,2533.354843367347,-0.28332260693254324,7.780612244897959
8,0.1,0.02,0.6660845802999996,1666084.5802999996,0.454,1005,0.5108910891089109,1552.7545232000002,-0.2692880035203207,5.906
8,0.1,0.03,0.7156092333000007,1715609.2333000007,0.5010940919037199,919,0.5,1807.4726962800887,-0.2877461495086673,6.5820568927789935
8,0.1,0.04,0.4968612703999998,1496861.2703999998,0.5104408352668214,867,0.4724770642201835,1367.5897459396758,-0.300953520906708,7.037122969837587
8,0.1,0.05,0.26915688849999986,1269156.8885,0.5072115384615384,837,0.47268408551068886,843.5360572115383,-0.34519445396279175,7.288461538461538
8,0.1,0.06,0.5077887802000002,1507788.7802000002,0.5211970074812967,807,0.4802955665024631,1481.020479551122,-0.3074370686745387,7.553615960099751
8,0.1,0.07,0.5375826969999997,1537582.6969999997,0.5271317829457365,779,0.4642857142857143,1608.091872351422,-0.2678503570018366,7.8242894056847545
8,0.1,0.08,0.5404732804000005,1540473.2804000005,0.5246753246753246,775,0.4666666666666667,1620.1895433766242,-0.2826389610098921,7.880519480519481
8,0.12,0.02,0.9872513509999998,1987251.3509999998,0.46153846153846156,993,0.5170340681362725,2248.8780799595143,-0.26558915012776385,6.012145748987854
8,0.12,0.03,0.5981089017000016,1598108.9017000017,0.5011086474501109,907,0.4934210526315789,1557.5643651884704,-0.2892818471759954,6.671840354767184
8,0.12,0.04,0.5307006839999997,1530700.6839999997,0.5140845070422535,857,0.4733178654292343,1466.2633044600948,-0.2917069627059863,7.105633802816901
8,0.12,0.05,0.3351388798999996,1335138.8798999996,0.5146341463414634,825,0.4771084337349398,1015.8944900000001,-0.30079755185156,7.434146341463415
8,0.12,0.06,0.44704078599999986,1447040.7859999998,0.5240506329113924,795,0.4775,1340.174927594936,-0.29927986578864263,7.675949367088608
8,0.12,0.07,0.44516807799999836,1445168.0779999983,0.531578947368421,765,0.4649350649350649,1383.9845586842105,-0.25764540577587497,7.973684210526316
8,0.12,0.08,0.43852789319999863,1438527.8931999987,0.5238095238095238,761,0.46475195822454307,1371.5267793650787,-0.27479192433971644,8.026455026455027
8,0.15,0.02,0.8784100970000007,1878410.0970000008,0.4669421487603306,973,0.5214723926380368,2059.281402066115,-0.2679713558281357,6.132231404958677
8,0.15,0.03,0.5539556053000009,1553955.6053000009,0.5044642857142857,901,0.4900662251655629,1462.8946968749992,-0.3070280135501715,6.725446428571429
8,0.15,0.04,0.5582390933000003,1558239.0933000003,0.5225653206650831,847,0.4812206572769953,1547.985014014253,-0.2989635862677323,7.1876484560570075
8,0.15,0.05,0.2586026723999998,1258602.6723999998,0.5109489051094891,827,0.47836538461538464,826.6279754257909,-0.3260927117372278,7.442822384428224
8,0.15,0.06,0.4303909129999995,1430390.9129999995,0.5253807106598984,793,0.47619047619047616,1305.1626794416236,-0.29799215859852957,7.7360406091370555
8,0.15,0.07,0.5398961749999986,1539896.1749999986,0.5356200527704486,763,0.4817708333333333,1648.4028751978892,-0.2535218331970013,8.029023746701847
8,0.15,0.08,0.5316354830999996,1531635.4830999996,0.5278514588859416,759,0.4816753926701571,1633.1950652519886,-0.2584441486625173,8.082228116710874
9,0.03,0.02,0.5360930876000006,1536093.0876000007,0.49512987012987014,1237,0.5169082125603864,1087.9753628246751,-0.31575132621556307,4.670454545454546
9,0.04,0.02,0.34524634950000094,1345246.349500001,0.4564459930313589,1153,0.5233160621761658,808.4415621951225,-0.34518479797737206,5.083623693379791
9,0.04,0.03,0.32883085910000187,1328830.8591000019,0.5115830115830116,1041,0.5162523900573613,863.3494735521239,-0.34735011766822405,5.727799227799228
9,0.05,0.02,0.4013997052000007,1401399.7052000007,0.4454713493530499,1087,0.510989010989011,953.7587887245837,-0.33122184589737924,5.43992606284658
9,0.05,0.03,0.34591517679999906,1345915.176799999,0.5040983606557377,981,0.5172413793103449,950.6806520491807,-0.3175523541642349,6.07172131147541
9,0.05,0.04,0.2808028465000002,1280802.8465000002,0.5202702702702703,893,0.5167037861915368,875.7660452702701,-0.28404448248227154,6.61936936936937
9,0.06,0.02,0.4451762478999994,1445176.2478999994,0.4442307692307692,1045,0.5104761904761905,1078.2364426923086,-0.31416724948189156,5.663461538461538
9,0.06,0.03,0.48649697329999947,1486496.9732999995,0.5021551724137931,933,0.5202558635394456,1335.2040683189653,-0.3151131770602354,6.353448275862069
9,0.06,0.04,0.4728211111999997,1472821.1111999997,0.5198135198135199,863,0.5161290322580645,1380.2534778554777,-0.2921476420267721,6.871794871794871
9,0.06,0.05,0.49040773789999914,1490407.7378999991,0.5325,805,0.5135802469135803,1486.421302999999,-0.3237719230220635,7.3975
9,0.07,0.02,0.44351940169999887,1443519.4016999989,0.43366336633663366,1015,0.5215686274509804,1099.3928540594065,-0.3180276150520759,5.906930693069307
9,0.07,0.03,0.4387326259999999,1438732.626,0.49889135254988914,907,0.5285087719298246,1249.3908237250555,-0.2881213289582666,6.6252771618625275
9,0.07,0.04,0.4148505496999992,1414850.5496999992,0.5202863961813843,843,0.5117924528301887,1252.6974081145595,-0.2821527885479715,7.140811455847255
9,0.07,0.05,0.4154515325000002,1415451.5325000002,0.5241730279898219,791,0.5201005025125628,1308.409260559796,-0.33878309345660707,7.636132315521628
9,0.07,0.06,0.5415022203000006,1541502.2203000006,0.5447368421052632,765,0.5298701298701298,1699.8079494736837,-0.2929183461947639,7.910526315789474
9,0.08,0.02,0.41853323529999914,1418533.2352999991,0.4268292682926829,989,0.5271629778672032,1071.9144292682931,-0.3370122587656075,6.085365853658536
9,0.08,0.03,0.5711200557999988,1571120.0557999988,0.4908256880733945,877,0.5215419501133787,1597.0840999999998,-0.319575378910766,6.83256880733945
9,0.08,0.04,0.5300791122000006,1530079.1122000006,0.5147058823529411,821,0.5108958837772397,1568.6680833333328,-0.297614656488628,7.333333333333333
9,0.08,0.05,0.5409162475999995,1540916.2475999994,0.5260416666666666,773,0.5115681233933161,1676.4363648437495,-0.3421572533966953,7.872395833333333
9,0.08,0.06,0.6082753221999994,1608275.3221999994,0.5403225806451613,749,0.5225464190981433,1924.3604166666667,-0.310678957988118,8.131720430107526
9,0.08,0.07,0.7719340597000006,1771934.0597000006,0.5638888888888889,725,0.5315068493150685,2458.2823677777783,-0.269149042218888,8.358333333333333
9,0.09,0.02,0.48453707779999916,1484537.0777999992,0.42203742203742206,967,0.522633744855967,1191.7114035343034,-0.32381062800787097,6.25987525987526
9,0.09,0.03,0.5241407791000003,1524140.7791000004,0.4835680751173709,857,0.5197215777262181,1444.2763582159619,-0.3277430581630469,7.011737089201878
9,0.09,0.04,0.5683384030999984,1568338.4030999984,0.5201005025125628,801,0.5136476426799007,1688.6691796482414,-0.29891132651455804,7.603015075376884
9,0.09,0.05,0.5397184277999999,1539718.4278,0.5291005291005291,761,0.5195822454308094,1694.757288888889,-0.33414205252029366,8.044973544973544
9,0.09,0.06,0.5411716612999998,1541171.6612999998,0.5344352617079889,731,0.5353260869565217,1766.4384449035813,-0.316903740343788,8.37465564738292
9,0.09,0.07,0.6295417989000003,1629541.7989000003,0.5380281690140845,715,0.55,2011.7671661971833,-0.30529728618564267,8.56056338028169
9,0.09,0.08,0.5179627171,1517962.7171,0.5457142857142857,705,0.543661971830986,1754.033801142857,-0.3278239395037657,8.685714285714285
9,0.1,0.02,0.44088907559999985,1440889.0755999999,0.42038216560509556,947,0.5210084033613446,1097.674138216561,-0.3208574901791588,6.3588110403397025
9,0.1,0.03,0.29559809250000074,1295598.0925000007,0.47721822541966424,839,0.5213270142180095,906.587554676259,-0.36178277434963035,7.141486810551559
9,0.1,0.04,0.4841566119000008,1484156.6119000008,0.5116279069767442,779,0.5102040816326531,1482.910540826874,-0.3193568980371204,7.7881136950904395
9,0.1,0.05,0.26974733480000007,1269747.3348,0.5190217391304348,741,0.5093833780160858,949.8243836956526,-0.36313346252817913,8.206521739130435
9,0.1,0.06,0.4155217578,1415521.7578,0.5325779036827195,711,0.5251396648044693,1411.2011634560909,-0.3347832727743435,8.592067988668555
9,0.1,0.07,0.5186939526999995,1518693.9526999996,0.546242774566474,697,0.5527065527065527,1720.7045023121389,-0.3014511276105506,8.777456647398845
9,0.1,0.08,0.4914551758000001,1491455.1758,0.5425219941348973,687,0.5433526011560693,1677.9744117302057,-0.30499796225512743,8.929618768328446
9,0.12,0.02,0.5221400069000008,1522140.0069000009,0.42207792207792205,929,0.5182012847965739,1283.9412465367973,-0.3317404627082983,6.510822510822511
9,0.12,0.03,0.4960569335999992,1496056.9335999992,0.4768856447688564,827,0.5216346153846154,1412.7291817518246,-0.34003977659047696,7.2846715328467155
9,0.12,0.04,0.645097471600001,1645097.471600001,0.5065274151436031,771,0.5154639175257731,1901.8804143603138,-0.3216320202497347,7.919060052219321
9,0.12,0.05,0.35922727119999986,1359227.2711999998,0.5138121546961326,729,0.4986376021798365,1185.4597046961326,-0.36659149191830337,8.370165745856353
9,0.12,0.06,0.461954835299999,1461954.835299999,0.5342857142857143,705,0.5183098591549296,1520.6325928571425,-0.35318626838814754,8.728571428571428
9,0.12,0.07,0.5022157960999997,1502215.7960999997,0.5393586005830904,691,0.5459770114942529,1658.9042568513112,-0.3218608771773419,8.932944606413994
9,0.12,0.08,0.6485308177999999,1648530.8177999998,0.5473372781065089,681,0.5510204081632653,2059.3710068047326,-0.3046100003386524,9.085798816568047
9,0.15,0.02,0.45290244159999865,1452902.4415999986,0.4175824175824176,915,0.5130434782608696,1146.648446153846,-0.3424606350889074,6.602197802197802
9,0.15,0.03,0.4528382747999986,1452838.2747999986,0.47174447174447176,819,0.5194174757281553,1324.4907530712526,-0.3634448011097302,7.3660933660933665
9,0.15,0.04,0.5297791733999988,1529779.1733999988,0.5026315789473684,765,0.5116883116883116,1609.8487968421055,-0.28989454234884016,7.994736842105263
9,0.15,0.05,0.2944303413000009,1294430.341300001,0.5042016806722689,719,0.505524861878453,1016.7151745098047,-0.3375843719433114,8.490196078431373
9,0.15,0.06,0.3168877420999994,1316887.7420999995,0.515850144092219,699,0.5227272727272727,1111.5273953890487,-0.32896800082778244,8.806916426512968
9,0.15,0.07,0.4685625266999979,1468562.526699998,0.5219941348973607,687,0.5520231213872833,1566.3178483870965,-0.31592755255619953,8.979472140762462
9,0.15,0.08,0.6427157403999991,1642715.740399999,0.5357142857142857,677,0.5483870967741935,2117.0757419642855,-0.31516963728000247,9.145833333333334
10,0.03,0.02,0.39002593609999936,1390025.9360999994,0.48519736842105265,1221,0.5187601957585645,857.9978228618425,-0.31650084845920223,4.740131578947368
10,0.04,0.02,0.23128506830000015,1231285.0683000002,0.4589285714285714,1125,0.511504424778761,611.3884560714287,-0.34648042116096883,5.2
10,0.04,0.03,0.3951499353000007,1395149.9353000007,0.5291750503018109,999,0.5179282868525896,1038.9405412474862,-0.34649971890630665,5.941649899396379
10,0.05,0.02,0.31534502780000007,1315345.0278,0.4490566037735849,1065,0.5046728971962616,799.2215405660374,-0.3308550429347666,5.566037735849057
10,0.05,0.03,0.3980352236999995,1398035.2236999995,0.5138004246284501,947,0.5147058823529411,1098.9750692144378,-0.3079436421497407,6.318471337579618
10,0.05,0.04,0.29386010149999986,1293860.1014999999,0.5428571428571428,845,0.5058823529411764,942.3654080952384,-0.24296042615727714,7.064285714285714
10,0.06,0.02,0.24975908689999998,1249759.0869,0.4367588932806324,1017,0.4931506849315068,702.1274324110672,-0.37947153547962265,5.818181818181818
10,0.06,0.03,0.33143192960000084,1331431.9296000008,0.5121951219512195,907,0.5043859649122807,994.9737767184048,-0.31593401799613513,6.574279379157428
10,0.06,0.04,0.2384083075999997,1238408.3075999997,0.528395061728395,815,0.4878048780487805,849.6344604938274,-0.28580999692740133,7.335802469135802
10,0.06,0.05,0.6229053375999998,1622905.3375999997,0.5445026178010471,769,0.5167958656330749,1907.2865756544502,-0.28491447979906487,7.842931937172775
10,0.07,0.02,0.1748054206999999,1174805.4207,0.4233128834355828,983,0.5080971659919028,558.9739683026585,-0.39303559587673675,6.124744376278119
10,0.07,0.03,0.35916804630000004,1359168.0463,0.5057471264367817,875,0.5181818181818182,1085.707553793103,-0.32080164960950786,6.92183908045977
10,0.07,0.04,0.24776176640000055,1247761.7664000005,0.5329949238578681,793,0.49373433583959897,890.6795005076151,-0.29488822685647104,7.631979695431472
10,0.07,0.05,0.4536232672000001,1453623.2672000001,0.5254691689008043,751,0.5238095238095238,1471.9324911528163,-0.29104230289733246,8.101876675603217
10,0.07,0.06,0.2867066210999994,1286706.6210999994,0.5449438202247191,717,0.518005540166205,1045.4978851123599,-0.2862998072288944,8.508426966292134
10,0.08,0.02,0.11929141390000005,1119291.4139,0.4219409282700422,953,0.511482254697286,449.4071964135032,-0.4311752156375111,6.3544303797468356
10,0.08,0.03,0.2882528583000002,1288252.8583000002,0.49061032863849763,857,0.505800464037123,928.6928544600944,-0.3446992987414667,7.096244131455399
10,0.08,0.04,0.3251879457000014,1325187.9457000014,0.522077922077922,775,0.5,1115.6641285714293,-0.28317590079630006,7.857142857142857
10,0.08,0.05,0.5338604027000002,1533860.4027000002,0.5151515151515151,731,0.5108695652173914,1738.093430303031,-0.2922444280780257,8.347107438016529
10,0.08,0.06,0.30737803420000104,1307378.034200001,0.54,705,0.504225352112676,1127.7077831428578,-0.29525575852621794,8.697142857142858
10,0.08,0.07,0.6639294539000001,1663929.4539,0.5676470588235294,685,0.5101449275362319,2284.128100588235,-0.2672695998593337,9.023529411764706
10,0.09,0.02,0.13177306629999982,1131773.0662999998,0.4190064794816415,931,0.5064102564102564,481.1709725701951,-0.42594731798686036,6.598272138228942
10,0.09,0.03,0.20100653390000014,1201006.5339000002,0.48792270531400966,833,0.5035799522673031,729.4378301932372,-0.36555832638431307,7.381642512077295
10,0.09,0.04,0.25933518129999983,1259335.1812999998,0.5212765957446809,757,0.5039370078740157,933.5738122340439,-0.32134295816839414,8.15691489361702
10,0.09,0.05,0.36118756440000094,1361187.564400001,0.5112994350282486,713,0.520891364902507,1274.252510169493,-0.3225228535524319,8.610169491525424
10,0.09,0.06,0.2172072087999999,1217207.2088,0.5311572700296736,679,0.5292397660818714,923.4367243323454,-0.32289910665646115,9.080118694362017
10,0.09,0.07,0.5304065871999988,1530406.5871999988,0.5606060606060606,665,0.5313432835820896,1941.5937727272728,-0.2726280235814935,9.306060606060607
10,0.09,0.08,0.5564635019999996,1556463.5019999996,0.5596330275229358,659,0.5240963855421686,2024.1806847094808,-0.2399298523662565,9.44954128440367
10,0.1,0.02,0.1729386785999995,1172938.6785999995,0.41721854304635764,911,0.5021834061135371,569.7489066225177,-0.3940297639805878,6.664459161147903
10,0.1,0.03,0.08966995790000121,1089669.9579000012,0.48507462686567165,809,0.5036855036855037,419.131398009952,-0.3766636933570719,7.502487562189055
10,0.1,0.04,0.16026166010000045,1160261.6601000004,0.5178082191780822,735,0.4972972972972973,632.4501915068498,-0.33364819161875897,8.263013698630138
10,0.1,0.05,0.3551631840999997,1355163.1840999997,0.5087209302325582,693,0.5186246418338109,1240.479436918605,-0.31396554005823013,8.781976744186046
10,0.1,0.06,0.238260666900001,1238260.666900001,0.5306748466257669,657,0.5317220543806647,967.5892530674853,-0.28035360781806395,9.220858895705522
10,0.1,0.07,0.599527347899999,1599527.347899999,0.5579937304075235,643,0.5308641975308642,2153.8983006269586,-0.26715604837378726,9.504702194357368
10,0.1,0.08,0.7221322301999996,1722132.2301999996,0.5615141955835962,639,0.5279503105590062,2561.51130851735,-0.23157591056460197,9.570977917981072
10,0.12,0.02,0.3529179394999994,1352917.9394999994,0.416289592760181,889,0.5033557046979866,953.840491855204,-0.3407968296362409,6.830316742081448
10,0.12,0.03,0.2659555525000009,1265955.552500001,0.4835443037974684,795,0.5,837.5597488607601,-0.3569416436160689,7.643037974683544
10,0.12,0.04,0.33089436309999926,1330894.3630999993,0.5222222222222223,725,0.5041095890410959,1095.449538055556,-0.33146237386182925,8.327777777777778
10,0.12,0.05,0.3709672857999995,1370967.2857999995,0.5044776119402985,675,0.5147058823529411,1241.9336014925373,-0.3137427039086108,8.949253731343283
10,0.12,0.06,0.258112283499999,1258112.283499999,0.5331230283911672,639,0.531055900621118,982.2493312302846,-0.2932285549868881,9.400630914826499
10,0.12,0.07,0.7610907204999998,1761090.7204999998,0.5645161290322581,625,0.526984126984127,2637.935417741937,-0.2800513611694102,9.680645161290322
10,0.12,0.08,0.6488209694000003,1648820.9694000003,0.5616883116883117,621,0.5079872204472844,2243.3904743506505,-0.23633507538782764,9.746753246753247
10,0.15,0.02,0.2940971661999989,1294097.166199999,0.41898148148148145,869,0.5034324942791762,825.9236578703704,-0.36360681587670324,7.006944444444445
10,0.15,0.03,0.1843145233999989,1184314.523399999,0.48578811369509045,779,0.5127551020408163,630.3246956072356,-0.3563202787568752,7.8604651162790695
10,0.15,0.04,0.18976295069999968,1189762.9506999997,0.5242165242165242,707,0.5140449438202247,707.2837826210842,-0.31604522230615695,8.621082621082621
10,0.15,0.05,0.23694602059999947,1236946.0205999995,0.5045317220543807,667,0.5208333333333334,849.0899012084604,-0.3188174437409505,9.120845921450151
10,0.15,0.06,0.14260451839999902,1142604.518399999,0.5303514376996805,631,0.5251572327044025,619.8750523961669,-0.2983074386241068,9.587859424920127
10,0.15,0.07,0.6629209523000005,1662920.9523000005,0.5537459283387622,619,0.5256410256410257,2337.3024726384374,-0.287472240035027,9.850162866449512
10,0.15,0.08,0.5159906354000005,1515990.6354000005,0.5394736842105263,613,0.49514563106796117,1832.6932736842114,-0.26063325819112876,10.036184210526315
